-- MySQL dump 10.13  Distrib 5.1.37, for debian-linux-gnu (x86_64)
--
-- Host: localhost    Database: disp
-- ------------------------------------------------------
-- Server version	5.1.37-1ubuntu5.4

/*!40101 SET @OLD_CHARACTER_SET_CLIENT=@@CHARACTER_SET_CLIENT */;
/*!40101 SET @OLD_CHARACTER_SET_RESULTS=@@CHARACTER_SET_RESULTS */;
/*!40101 SET @OLD_COLLATION_CONNECTION=@@COLLATION_CONNECTION */;
/*!40101 SET NAMES utf8 */;
/*!40103 SET @OLD_TIME_ZONE=@@TIME_ZONE */;
/*!40103 SET TIME_ZONE='+00:00' */;
/*!40014 SET @OLD_UNIQUE_CHECKS=@@UNIQUE_CHECKS, UNIQUE_CHECKS=0 */;
/*!40014 SET @OLD_FOREIGN_KEY_CHECKS=@@FOREIGN_KEY_CHECKS, FOREIGN_KEY_CHECKS=0 */;
/*!40101 SET @OLD_SQL_MODE=@@SQL_MODE, SQL_MODE='NO_AUTO_VALUE_ON_ZERO' */;
/*!40111 SET @OLD_SQL_NOTES=@@SQL_NOTES, SQL_NOTES=0 */;

--
-- Table structure for table `agent`
--

DROP TABLE IF EXISTS `agent`;
/*!40101 SET @saved_cs_client     = @@character_set_client */;
/*!40101 SET character_set_client = utf8 */;
CREATE TABLE `agent` (
  `id` int(11) NOT NULL AUTO_INCREMENT,
  `name` text NOT NULL,
  `inn` text NOT NULL,
  `address` text NOT NULL,
  `schet` text NOT NULL,
  `bank` text NOT NULL,
  `phone` text NOT NULL,
  `cp` int(11) NOT NULL,
  PRIMARY KEY (`id`)
) ENGINE=MyISAM AUTO_INCREMENT=20 DEFAULT CHARSET=utf8;
/*!40101 SET character_set_client = @saved_cs_client */;

--
-- Dumping data for table `agent`
--

LOCK TABLES `agent` WRITE;
/*!40000 ALTER TABLE `agent` DISABLE KEYS */;
INSERT INTO `agent` VALUES (1,'Северная керамика, ООО','5911061247','618400, Пермский край, г.Березники, ул.Березниковская, 97','40702810300570000903','Филиал \\\"Пермский \\\"СБ\\\"Губернский\\\" (ОАО) г.Пермь','3',0),(2,'Новая недвижимость,ЗАО','5911052683','618400,Пермский край,г.Березники,пер.Локомотивный,дом.8','40702810749030111667 ','Западно-Уральский Банк Сбербанка РФ ','29',0),(3,'Кыркунов Виктор Юрьевич','','618400,Пермский край, г.Березники,ул.Карла Маркса,20-15,','','','8',0),(4,'Лапаев Сергей Владимирович','','618419,Пермский край,г.Березники,ул.Большевистская,дом.27,кв.2','','','0',0),(13,'Сенникова Людмила Алексеевна','','Пермский край,г.Пермь,ул.Сокольская,5-14','','','0',0),(14,'Тришин Анатолий Олегович','','Пермский край ,г.Березники,ул.Пятилетки,дом.54,кв.44','','','0',0),(12,'Киров Владимир Наилевич','591110410570','','','','26',1),(15,'Строительная Компания \\\"МАКС\\\",ООО','5911055701','Пермский край,г.Березники,ул.Ленина,49а-36','40702810500570001197','Березниковский филиал ОАО\\\"Банк Москвы\\\"','0',0),(11,'Ежов  Николай Федорович','','Пермский край,г.Березники,ул.Большевистская,дом.31,кв.1','','','0',0),(16,'Рачева Дарья Игоревна','','Пермский край,г.Чердынь,ул.Дорожная,дом.9','','','0',0),(17,'Хорев Андрей Николаевич','','Пермский край,г.Березники,ул.Шевченко,дом.16','','','8',0),(18,'Сарко,ООО','5953002074','Пермский край,с.Усинское,ул.Коммунистическая,дом.4','40702810149490152921','Западно-Уральский банк Сбербанка РФ г.Пермь','0',0),(19,'Максутов Станислав Икасович','591100123104','Пермский край,г.Березники,ул.Миндовского,дом.6,кв.206','40802810600030000152','Березниковский филиал ОАО АКБ\\\"Урал ФД\\\"г.Березники','8-902-47-56-834',1);
/*!40000 ALTER TABLE `agent` ENABLE KEYS */;
UNLOCK TABLES;

--
-- Table structure for table `history`
--

DROP TABLE IF EXISTS `history`;
/*!40101 SET @saved_cs_client     = @@character_set_client */;
/*!40101 SET character_set_client = utf8 */;
CREATE TABLE `history` (
  `id` int(11) NOT NULL AUTO_INCREMENT,
  `tov` int(11) NOT NULL,
  `kol` int(11) NOT NULL,
  `action` text NOT NULL,
  PRIMARY KEY (`id`)
) ENGINE=MyISAM AUTO_INCREMENT=2 DEFAULT CHARSET=utf8;
/*!40101 SET character_set_client = @saved_cs_client */;

--
-- Dumping data for table `history`
--

LOCK TABLES `history` WRITE;
/*!40000 ALTER TABLE `history` DISABLE KEYS */;
INSERT INTO `history` VALUES (1,57,33174,'mws');
/*!40000 ALTER TABLE `history` ENABLE KEYS */;
UNLOCK TABLES;

--
-- Table structure for table `jurnal`
--

DROP TABLE IF EXISTS `jurnal`;
/*!40101 SET @saved_cs_client     = @@character_set_client */;
/*!40101 SET character_set_client = utf8 */;
CREATE TABLE `jurnal` (
  `id` int(11) NOT NULL AUTO_INCREMENT,
  `tov` int(11) NOT NULL,
  `plus` int(11) NOT NULL DEFAULT '0',
  `minus` int(11) NOT NULL DEFAULT '0',
  `poddon` int(11) NOT NULL,
  `agent` int(11) NOT NULL,
  `akt` int(11) NOT NULL,
  `nakl` text NOT NULL,
  `makt` int(11) NOT NULL,
  `pakt` int(11) NOT NULL,
  `workshop` int(11) NOT NULL,
  `mws` int(11) NOT NULL,
  `date` date NOT NULL,
  `time` datetime NOT NULL,
  `prim` text NOT NULL,
  `money` float NOT NULL,
  PRIMARY KEY (`id`)
) ENGINE=MyISAM AUTO_INCREMENT=69 DEFAULT CHARSET=utf8 COMMENT='Журнал действий';
/*!40101 SET character_set_client = @saved_cs_client */;

--
-- Dumping data for table `jurnal`
--

LOCK TABLES `jurnal` WRITE;
/*!40000 ALTER TABLE `jurnal` DISABLE KEYS */;
INSERT INTO `jurnal` VALUES (1,2,0,5760,20,1,0,'1924',0,0,0,0,'2010-11-01','0000-00-00 00:00:00','Бушуев',36288),(2,2,0,6912,24,1,0,'1928',0,0,0,0,'2010-11-01','0000-00-00 00:00:00','Балтачев',43545.6),(3,82,0,352,1,1,0,'1927',0,0,0,0,'2010-11-01','0000-00-00 00:00:00','Шишигин',2006.4),(4,82,0,1760,5,2,0,'1930',0,0,0,0,'2010-11-02','0000-00-00 00:00:00','Шабаш',10032),(5,30,0,5184,27,1,0,'1929',0,0,0,0,'2010-11-02','0000-00-00 00:00:00','Нигамаев',64022.4),(6,36,0,0,7,0,1,'',1344,0,0,0,'2010-11-02','0000-00-00 00:00:00','',0),(7,29,0,0,7,0,1,'',0,1344,0,0,'2010-11-02','0000-00-00 00:00:00','',0),(8,29,0,1344,7,1,0,'1929',0,0,0,0,'2010-11-02','0000-00-00 00:00:00','Нигамаев',16598.4),(14,57,29790,0,0,0,0,'',0,0,0,0,'2010-11-01','0000-00-00 00:00:00','',0),(10,2,0,5184,18,1,0,'1933',0,0,0,0,'2010-11-02','0000-00-00 00:00:00','Мальцев',32659.2),(11,28,0,1920,10,3,0,'1934',0,0,0,0,'2010-11-02','0000-00-00 00:00:00','Петухов',29568),(12,82,0,704,2,4,0,'1935',0,0,0,0,'2010-11-02','0000-00-00 00:00:00','Гилев',4012.8),(15,82,0,1408,4,2,0,'1936',0,0,0,0,'2010-11-02','2015-05-10 00:00:00','Шабаш',8025.6),(16,82,0,352,1,11,0,'1937',0,0,0,0,'2010-11-03','0000-00-00 00:00:00','',2006.4),(20,173,0,0,4,0,2,'',1408,0,0,0,'2010-11-03','2014-02-06 00:00:00','ИП Киров',0),(21,171,0,0,4,0,2,'',0,1408,0,0,'2010-11-03','2014-02-06 00:00:00','ИП Киров',0),(22,171,0,1408,4,12,0,'1939',0,0,0,0,'2010-11-03','2014-03-04 00:00:00','Козлов',6336),(32,82,0,1056,3,14,0,'1942',0,0,0,0,'2010-11-08','0000-00-00 00:00:00','',6019.2),(24,57,33174,0,0,0,0,'',0,0,0,0,'2010-11-05','0000-00-00 00:00:00','',0),(26,11,13248,0,0,0,0,'',0,0,0,0,'2010-11-05','2009-02-24 00:00:00','',0),(27,2,25920,0,0,0,0,'',0,0,0,0,'2010-11-07','2009-04-18 00:00:00','',0),(28,181,10368,0,0,0,0,'',0,0,0,0,'2010-11-06','0000-00-00 00:00:00','',0),(29,11,15552,0,0,0,0,'',0,0,0,0,'2010-11-06','0000-00-00 00:00:00','',0),(30,2,0,6912,24,13,0,'1941',0,0,0,0,'2010-11-08','0000-00-00 00:00:00','Балтачев',50457.6),(31,55,41328,0,0,0,0,'',0,0,0,0,'2010-11-03','0000-00-00 00:00:00','',0),(36,82,0,704,2,15,0,'1944',0,0,0,0,'2010-11-08','0000-00-00 00:00:00','Забродин',4012.8),(37,82,0,704,2,15,0,'1945',0,0,0,0,'2010-11-08','0000-00-00 00:00:00','Прохоров',4012.8),(38,173,0,0,4,0,3,'',1408,0,0,0,'2010-11-08','2010-11-08 14:30:55','ип киров',0),(39,170,0,0,4,0,3,'',0,1408,0,0,'2010-11-08','2010-11-08 14:30:55','ип киров',0),(41,175,0,0,0,0,0,'',0,0,0,6672,'2010-11-01','2010-11-08 15:29:09','',0),(42,170,0,1408,4,12,0,'1948',0,0,0,0,'2010-11-08','2010-11-08 16:05:13','Леонтьев',6336),(43,3,0,4032,14,16,0,'1947',0,0,0,0,'2010-11-08','2010-11-08 16:08:55','Поднебесный',31046.4),(44,187,0,0,3,0,0,'',0,0,768,0,'2010-11-03','2010-11-08 16:51:07','',0),(45,186,0,0,3,0,0,'',0,0,4096,0,'2010-11-03','2010-11-08 16:54:38','',0),(55,188,0,0,0,0,0,'',0,0,88,0,'2010-11-03','2010-11-09 13:35:02','',0),(54,175,0,0,0,0,0,'',0,0,98,0,'2010-11-03','2010-11-09 13:28:18','',0),(48,3,20736,0,0,0,0,'',0,0,0,0,'2010-11-08','2010-11-09 08:53:31','',0),(49,57,0,0,0,0,0,'',0,0,0,29790,'2010-11-01','2010-11-09 10:23:35','',0),(50,55,0,0,0,0,0,'',0,0,0,41328,'2010-11-03','2010-11-09 10:27:21','',0),(51,57,0,0,0,0,0,'',0,0,0,33174,'2010-11-09','2010-11-09 10:29:28','',0),(52,8,5184,0,0,0,0,'',0,0,0,0,'2010-11-08','2010-11-09 10:33:26','',0),(53,87,0,1056,4,17,0,'1949',0,0,0,0,'2010-11-09','2010-11-09 11:00:58','Лоскутов',9081.6),(56,189,0,0,0,0,0,'',0,0,1610,0,'2010-11-03','2010-11-09 13:45:13','',0),(57,28,0,4992,26,18,0,'1950',0,0,0,0,'2010-11-09','2010-11-09 14:58:15','Кузнецов',76876.8),(58,33,0,768,4,18,0,'1950',0,0,0,0,'2010-11-09','2010-11-09 14:59:03','Кузнецов',11827.2),(59,82,0,1760,5,2,0,'1952',0,0,0,0,'2010-11-09','2010-11-09 15:00:27','Богатырев',10032),(60,181,20736,0,0,0,0,'',0,0,0,0,'2010-11-09','2010-11-10 08:05:32','',0),(61,10,5184,0,0,0,0,'',0,0,0,0,'2010-11-09','2010-11-10 08:21:22','',0),(62,2,0,6912,24,1,0,'1954',0,0,0,0,'2010-11-10','2010-11-10 10:22:22','Балтачев',43545.6),(63,36,0,0,8,0,4,'',1536,0,0,0,'2010-11-10','2010-11-10 10:25:00','ООО\"Северная керамика\"',0),(64,29,0,0,8,0,4,'',0,1536,0,0,'2010-11-10','2010-11-10 10:25:00','ООО\"Северная керамика\"',0),(65,27,0,0,26,0,0,'',0,0,4992,0,'2010-11-10','2010-11-10 10:26:50','ООО\\\"Северная керамика\\\"',0),(66,27,0,4992,26,1,0,'1955',0,0,0,0,'2010-11-10','2010-11-10 10:28:15','Титов',61651.2),(67,29,0,1536,8,1,0,'1955',0,0,0,0,'2010-11-10','2010-11-10 10:29:00','Титов',18969.6),(68,82,0,704,2,19,0,'1956',0,0,0,0,'2010-11-10','2010-11-10 13:51:19','Татаринов',9081.6);
/*!40000 ALTER TABLE `jurnal` ENABLE KEYS */;
UNLOCK TABLES;

--
-- Table structure for table `sclad`
--

DROP TABLE IF EXISTS `sclad`;
/*!40101 SET @saved_cs_client     = @@character_set_client */;
/*!40101 SET character_set_client = utf8 */;
CREATE TABLE `sclad` (
  `id` int(11) NOT NULL AUTO_INCREMENT,
  `total` int(11) NOT NULL,
  PRIMARY KEY (`id`)
) ENGINE=MyISAM AUTO_INCREMENT=190 DEFAULT CHARSET=utf8;
/*!40101 SET character_set_client = @saved_cs_client */;

--
-- Dumping data for table `sclad`
--

LOCK TABLES `sclad` WRITE;
/*!40000 ALTER TABLE `sclad` DISABLE KEYS */;
INSERT INTO `sclad` VALUES (1,31322),(2,22966),(3,101034),(4,177696),(5,43488),(6,0),(7,576),(8,5184),(9,0),(10,5184),(11,61666),(12,690),(13,740),(14,9024),(15,5568),(16,12864),(17,0),(18,6336),(19,768),(20,322),(21,1824),(22,576),(23,960),(24,348),(25,1000),(26,0),(27,0),(28,1152),(29,11),(30,192),(31,0),(32,0),(33,0),(34,142),(35,4992),(36,28416),(37,2688),(38,0),(39,0),(40,7167),(41,0),(42,0),(43,0),(44,0),(45,2112),(46,576),(47,576),(48,3132),(49,192),(50,0),(51,0),(52,0),(53,192),(54,384),(55,1888),(56,21227),(57,30467),(58,10384),(59,7430),(60,0),(61,5312),(62,704),(63,800),(64,2497),(65,576),(66,306),(67,258),(68,184),(69,313),(70,634),(71,576),(72,1152),(73,79),(74,102),(75,2833),(76,3008),(77,26777),(78,39333),(79,0),(80,0),(81,0),(82,52976),(83,0),(84,699),(85,264),(86,528),(87,7984),(88,264),(89,2448),(90,3360),(91,417),(92,792),(93,517),(94,0),(95,112),(96,2640),(97,15741),(98,0),(99,165),(100,0),(101,7040),(102,0),(103,0),(104,8558),(105,0),(106,30546),(107,264),(108,1404),(109,792),(110,0),(111,0),(112,0),(113,2112),(114,1584),(115,264),(116,1320),(117,0),(118,503),(119,1584),(120,7920),(121,6864),(122,0),(123,1320),(124,0),(125,264),(126,24),(127,264),(128,1012),(129,792),(130,1584),(131,264),(132,0),(133,2029),(134,528),(135,264),(136,0),(137,205),(138,1320),(139,1056),(140,8784),(141,2551),(142,264),(143,384),(144,528),(145,2295),(146,7392),(147,269),(148,8023),(149,1056),(150,1123),(151,2376),(152,10560),(153,792),(154,792),(155,1320),(156,2525),(157,534),(158,3168),(159,4113),(160,740),(161,182),(162,688),(163,264),(164,119),(165,343),(166,2240),(167,312),(168,818),(169,0),(170,0),(171,0),(172,0),(173,17031),(174,2568),(175,98),(176,11560),(177,5740),(187,768),(181,31104),(186,4096),(188,88),(189,1610);
/*!40000 ALTER TABLE `sclad` ENABLE KEYS */;
UNLOCK TABLES;

--
-- Table structure for table `test`
--

DROP TABLE IF EXISTS `test`;
/*!40101 SET @saved_cs_client     = @@character_set_client */;
/*!40101 SET character_set_client = utf8 */;
CREATE TABLE `test` (
  `key` int(11) NOT NULL AUTO_INCREMENT,
  `time` datetime NOT NULL,
  PRIMARY KEY (`key`)
) ENGINE=MyISAM AUTO_INCREMENT=4 DEFAULT CHARSET=utf8;
/*!40101 SET character_set_client = @saved_cs_client */;

--
-- Dumping data for table `test`
--

LOCK TABLES `test` WRITE;
/*!40000 ALTER TABLE `test` DISABLE KEYS */;
INSERT INTO `test` VALUES (1,'2010-11-08 00:00:00'),(2,'0000-00-00 00:00:00'),(3,'2010-11-08 13:48:38');
/*!40000 ALTER TABLE `test` ENABLE KEYS */;
UNLOCK TABLES;

--
-- Table structure for table `tovar`
--

DROP TABLE IF EXISTS `tovar`;
/*!40101 SET @saved_cs_client     = @@character_set_client */;
/*!40101 SET character_set_client = utf8 */;
CREATE TABLE `tovar` (
  `id` int(11) NOT NULL AUTO_INCREMENT,
  `name` text NOT NULL,
  `mark` int(11) NOT NULL,
  `color` text NOT NULL,
  `tip` int(11) NOT NULL,
  `vid` text NOT NULL,
  `mas` text NOT NULL,
  `brak` text NOT NULL,
  `prim` text NOT NULL,
  `sort` int(11) NOT NULL DEFAULT '5',
  PRIMARY KEY (`id`)
) ENGINE=MyISAM AUTO_INCREMENT=190 DEFAULT CHARSET=utf8;
/*!40101 SET character_set_client = @saved_cs_client */;

--
-- Dumping data for table `tovar`
--

LOCK TABLES `tovar` WRITE;
/*!40000 ALTER TABLE `tovar` DISABLE KEYS */;
INSERT INTO `tovar` VALUES (1,'КУРПу 1,4 НФ/100/1,4/50/ ГОСТ 530-2007 ф',100,'Красный',0,'Строительный','Полуторный','Фаска  ','КУРПу 1,4 НФ/100/1,4/50/ ГОСТ 530-2007 ф ',0),(2,'КУРПу 1,4 НФ/125/1,4/50/ ГОСТ 530-2007 ф',125,'Красный',0,'Строительный','Полуторный','Фаска  ','КУРПу 1,4 НФ/125/1,4/50/ ГОСТ 530-2007 ф ',0),(3,'КУРПу 1,4 НФ/150/1,4/50/ ГОСТ 530-2007 ф',150,'Красный',0,'Строительный','Полуторный','Фаска  ','КУРПу 1,4 НФ/150/1,4/50/ ГОСТ 530-2007 ф  ',0),(4,'КУРПу 1,4 НФ/175/1,4/50/ ГОСТ 530-2007 ф',175,'Красный',0,'Строительный','Полуторный','Фаска  ','КУРПу 1,4 НФ/175/1,4/50/ ГОСТ 530-2007 ф ',0),(5,'КУРПу 1,4 НФ/200/1,4/50/ ГОСТ 530-2007 ф',200,'Красный',0,'Строительный','Полуторный','Фаска  ','КУРПу 1,4 НФ/200/1,4/50/ ГОСТ 530-2007 ф  ',0),(6,'КУРПу 1,4 НФ/100/1,4/50/ ГОСТ 530-2007 ф',100,'Красный',0,'Строительный','Полуторный','Фаска  Меньше 20%','КУРПу 1,4 НФ/100/1,4/50/ ГОСТ 530-2007 ф -20 % ',0),(7,'КУРПу 1,4 НФ/125/1,4/50/ ГОСТ 530-2007 ф',125,'Красный',0,'Строительный','Полуторный','Фаска  Меньше 20%','КУРПу 1,4 НФ/125/1,4/50/ ГОСТ 530-2007 ф -20 % ',0),(8,'КУРПу 1,4 НФ/150/1,4/50/ ГОСТ 530-2007 ф',150,'Красный',0,'Строительный','Полуторный','Фаска  Меньше 20%','КУРПу 1,4 НФ/150/1,4/50/ ГОСТ 530-2007 ф -20 % ',0),(9,'КУРПу 1,4 НФ/175/1,4/50/ ГОСТ 530-2007 ф',175,'Красный',0,'Строительный','Полуторный','Фаска  Меньше 20%','КУРПу 1,4 НФ/175/1,4/50/ ГОСТ 530-2007 ф -20 % ',0),(10,'КУРПу 1,4 НФ/250/1,4/50/ ГОСТ 530-2007 ф',200,'Красный',0,'Строительный','Полуторный','Фаска  Меньше 20%','КУРПу 1,4 НФ/250/1,4/50/ ГОСТ 530-2007 ф -20 % ',0),(11,'КУРПу 1,4 НФ ГОСТ 530-2007 +20 % ',0,'Красный',0,'Строительный','Полуторный','яБольше 20%','КУРПу 1,4 НФ ГОСТ 530-2007 +20 % ',0),(12,'КУРПу 1,4 НФ ГОСТ 530-2007 желтый  +20 % ',0,'Желтый',0,'Строительный','Полуторный',' Больше 20%','КУРПу 1,4 НФ ГОСТ 530-2007 желтый  +20 % ',1),(13,'КУРПу 1,4 НФ ГОСТ 530-2007 корич +20 % ',0,'Коричневый',0,'Строительный','Полуторный',' Больше 20%','КУРПу 1,4 НФ ГОСТ 530-2007 корич +20 % ',2),(14,'КУЛПу 1,4 НФ/125/1,4/50/ ГОСТ 530-2007 ф',125,'Красный',0,'Лицевой','Полуторный','Фаска  ','КУЛПу 1,4 НФ/125/1,4/50/ ГОСТ 530-2007 ф ',0),(15,'КУЛПу 1,4 НФ/125/1,4/50/ ГОСТ 530-2007 ф',125,'Красный',0,'Лицевой','Полуторный','Фаска Полосы ','КУЛПу 1,4 НФ/125/1,4/50/ ГОСТ 530-2007 фп  ',0),(16,'КУЛПу 1,4 НФ/150/1,4/50/ ГОСТ 530-2007 ф',150,'Красный',0,'Лицевой','Полуторный','Фаска  ','КУЛПу 1,4 НФ/150/1,4/50/ ГОСТ 530-2007 ф ',0),(17,'КУЛПу 1,4 НФ/150/1,4/50/ ГОСТ 530-2007 ф',150,'Красный',0,'Лицевой','Полуторный','Фаска Полосы ','КУЛПу 1,4 НФ/150/1,4/50/ ГОСТ 530-2007 фп  ',0),(18,'КУЛПу 1,4 НФ/175/1,4/50/ ГОСТ 530-2007 ф',175,'Красный',0,'Лицевой','Полуторный','Фаска  ','КУЛПу 1,4 НФ/175/1,4/50/ ГОСТ 530-2007 ф ',0),(19,'КУЛПу 1,4 НФ/200/1,4/50/ ГОСТ 530-2007 ф',200,'Красный',0,'Лицевой','Полуторный','Фаска  ','КУЛПу 1,4 НФ/200/1,4/50/ ГОСТ 530-2007 ф ',0),(20,'КУРПу 1,4 НФ/175/1,4/50/ ГОСТ 530-2007 корич -20 % ',175,'Коричневый',0,'Строительный','Полуторный',' Меньше 20%','КУРПу 1,4 НФ/175/1,4/50/ ГОСТ 530-2007 корич -20 % ',2),(21,'КУРПу 1,4 НФ/100/1,4/50/ ГОСТ 530-2007 светло/корич   ',100,'Коричневый',0,'Строительный','Полуторный',' ','КУРПу 1,4 НФ/100/1,4/50/ ГОСТ 530-2007 светло/корич   ',2),(22,'КУРПу 1,4 НФ/100/1,4/50/ ГОСТ 530-2007 тем/корич   ',100,'Коричневый',0,'Строительный','Полуторный',' ','КУРПу 1,4 НФ/100/1,4/50/ ГОСТ 530-2007 тем/корич   ',2),(23,'КУЛПу 1,4 НФ/125/1,4/50/ ГОСТ 530-2007 светло/желтый ф',125,'Желтый',0,'Лицевой','Полуторный','Фаска Полосы ','КУЛПу 1,4 НФ/125/1,4/50/ ГОСТ 530-2007 светло/желтый фп  ',1),(24,'КУЛПу 1,4 НФ/150/1,4/50/ ГОСТ 530-2007 светло/желтый ф',150,'Желтый',0,'Лицевой','Полуторный','Фаска Полосы ','КУЛПу 1,4 НФ/150/1,4/50/ ГОСТ 530-2007 светло/желтый фп  ',1),(25,'КУЛПу 1,4 НФ/175/1,4/50/ ГОСТ 530-2007 светло/желтый ф',175,'Желтый',0,'Лицевой','Полуторный','Фаска  ','КУЛПу 1,4 НФ/175/1,4/50/ ГОСТ 530-2007 светло/желтый ф  ',1),(26,'КУЛПу 1,4 НФ/125/1,4/50/ ГОСТ 530-2007 желтый тип 1 ф',125,'Желтый',1,'Лицевой','Полуторный','Фаска  ','КУЛПу 1,4 НФ/125/1,4/50/ ГОСТ 530-2007 желтый тип 1 ф  ',1),(27,'КУЛПу 1,4 НФ/125/1,4/50/ ГОСТ 530-2007 желтый тип 1 ф',125,'Желтый',1,'Лицевой','Полуторный','Фаска Полосы ','КУЛПу 1,4 НФ/125/1,4/50/ ГОСТ 530-2007 желтый тип 1 фп  ',1),(28,'КУЛПу 1,4 НФ/150/1,4/50/ ГОСТ 530-2007 желтый тип 1 ф',150,'Желтый',1,'Лицевой','Полуторный','Фаска  ','КУЛПу 1,4 НФ/150/1,4/50/ ГОСТ 530-2007 желтый тип 1 ф  ',1),(29,'КУЛПу 1,4 НФ/150/1,4/50/ ГОСТ 530-2007 желтый тип 1 ф',150,'Желтый',1,'Лицевой','Полуторный','Фаска Полосы ','КУЛПу 1,4 НФ/150/1,4/50/ ГОСТ 530-2007 желтый тип 1 фп  ',1),(30,'КУЛПу 1,4 НФ/150/1,4/50/ ГОСТ 530-2007 желтый тип 1 ф',150,'Желтый',1,'Лицевой','Полуторный','Фаска Полосы ','КУЛПу 1,4 НФ/150/1,4/50/ ГОСТ 530-2007 желтый тип 1 ффп    ',1),(31,'КУЛПу 1,4 НФ/175/1,4/50/ ГОСТ 530-2007 желтый тип 1 ф',175,'Желтый',1,'Лицевой','Полуторный','Фаска  ','КУЛПу 1,4 НФ/175/1,4/50/ ГОСТ 530-2007 желтый тип 1 ф  ',1),(32,'КУЛПу 1,4 НФ/175/1,4/50/ ГОСТ 530-2007 желтый тип 1 ф',175,'Желтый',1,'Лицевой','Полуторный','Фаска Полосы ','КУЛПу 1,4 НФ/175/1,4/50/ ГОСТ 530-2007 желтый тип 1 фп ',1),(33,'КУЛПу 1,4 НФ/175/1,4/50/ ГОСТ 530-2007 желтый тип 1 ф',175,'Желтый',1,'Лицевой','Полуторный','Фаска Полосы ','КУЛПу 1,4 НФ/175/1,4/50/ ГОСТ 530-2007 желтый тип 1 ффп   ',1),(34,'КУЛПу 1,4 НФ/250/1,4/50/ ГОСТ 530-2007 желтый тип 1 ф',250,'Желтый',1,'Лицевой','Полуторный','Фаска  ','КУЛПу 1,4 НФ/250/1,4/50/ ГОСТ 530-2007 желтый тип 1 ф  ',1),(35,'КУРПу 1,4 НФ/125/1,4/50/ ГОСТ 530-2007 желтый тип 1 ф',125,'Желтый',1,'Строительный','Полуторный','Фаска  ','КУРПу 1,4 НФ/125/1,4/50/ ГОСТ 530-2007 желтый тип 1 ф  ',1),(36,'КУРПу 1,4 НФ/150/1,4/50/ ГОСТ 530-2007 желтый тип 1 ф',150,'Желтый',1,'Строительный','Полуторный','Фаска  ','КУРПу 1,4 НФ/150/1,4/50/ ГОСТ 530-2007 желтый тип 1 ф  ',1),(37,'КУРПу 1,4 НФ/175/1,4/50/ ГОСТ 530-2007 желтый тип 1 ф',175,'Желтый',1,'Строительный','Полуторный','Фаска  ','КУРПу 1,4 НФ/175/1,4/50/ ГОСТ 530-2007 желтый тип 1 ф  ',1),(38,'КУЛПу 1,4 НФ/125/1,4/50/ ГОСТ 530-2007 желтый тип 2 ф',125,'Желтый',2,'Лицевой','Полуторный','Фаска  ','КУЛПу 1,4 НФ/125/1,4/50/ ГОСТ 530-2007 желтый тип 2 ф  ',1),(39,'КУЛПу 1,4 НФ/150/1,4/50/ ГОСТ 530-2007 желтый тип 2 ф',150,'Желтый',2,'Лицевой','Полуторный','Фаска  ','КУЛПу 1,4 НФ/150/1,4/50/ ГОСТ 530-2007 желтый тип 2 ф  ',1),(40,'КУЛПу 1,4 НФ/150/1,4/50/ ГОСТ 530-2007 желтый тип 2 ф',150,'Желтый',2,'Лицевой','Полуторный','Фаска Полосы ','КУЛПу 1,4 НФ/150/1,4/50/ ГОСТ 530-2007 желтый тип 2 фп  ',1),(41,'КУЛПу 1,4 НФ/175/1,4/50/ ГОСТ 530-2007 желтый тип 2 ф',175,'Желтый',2,'Лицевой','Полуторный','Фаска  ','КУЛПу 1,4 НФ/175/1,4/50/ ГОСТ 530-2007 желтый тип 2 ф  ',1),(42,'КУЛПу 1,4 НФ/175/1,4/50/ ГОСТ 530-2007 желтый тип 2 ф',175,'Желтый',2,'Лицевой','Полуторный','Фаска Полосы ','КУЛПу 1,4 НФ/175/1,4/50/ ГОСТ 530-2007 желтый тип 2 фп  ',1),(43,'КУЛПу 1,4 НФ/175/1,4/50/ ГОСТ 530-2007 желтый тип 2 ф',175,'Желтый',2,'Лицевой','Полуторный','Фаска Полосы ','КУЛПу 1,4 НФ/175/1,4/50/ ГОСТ 530-2007 желтый тип 2 ффп    ',1),(44,'КУЛПу 1,4 НФ/250/1,4/50/ ГОСТ 530-2007 желтый тип 2 пбф',250,'Желтый',2,'Лицевой','Полуторный',' ','КУЛПу 1,4 НФ/250/1,4/50/ ГОСТ 530-2007 желтый тип 2 пбф  ',1),(45,'КУРПу 1,4 НФ/150/1,4/50/ ГОСТ 530-2007 желтый тип 2 ф',150,'Желтый',2,'Строительный','Полуторный','Фаска  ','КУРПу 1,4 НФ/150/1,4/50/ ГОСТ 530-2007 желтый тип 2 ф  ',1),(46,'КУРПу 1,4 НФ/175/1,4/50/ ГОСТ 530-2007 желтый тип 2 ф',175,'Желтый',2,'Строительный','Полуторный','Фаска  ','КУРПу 1,4 НФ/175/1,4/50/ ГОСТ 530-2007 желтый тип 2 ф  ',1),(47,'КУЛПу 1,4 НФ/150/1,4/50/ ГОСТ 530-2007 желтый тип 3 ф',150,'Желтый',3,'Лицевой','Полуторный','Фаска  ','КУЛПу 1,4 НФ/150/1,4/50/ ГОСТ 530-2007 желтый тип 3 ф  ',1),(48,'КУЛПу 1,4 НФ/150/1,4/50/ ГОСТ 530-2007 желтый тип 3 ф',150,'Желтый',3,'Лицевой','Полуторный','Фаска Полосы ','КУЛПу 1,4 НФ/150/1,4/50/ ГОСТ 530-2007 желтый тип 3 фп  ',1),(49,'КУЛПу 1,4 НФ/150/1,4/50/ ГОСТ 530-2007 желтый тип 3 ф',150,'Желтый',3,'Лицевой','Полуторный','Фаска Полосы ','КУЛПу 1,4 НФ/150/1,4/50/ ГОСТ 530-2007 желтый тип 3 ффп    ',1),(50,'КУЛПу 1,4 НФ/175/1,4/50/ ГОСТ 530-2007 желтый тип 3 ф',175,'Желтый',3,'Лицевой','Полуторный','Фаска  ','КУЛПу 1,4 НФ/175/1,4/50/ ГОСТ 530-2007 желтый тип 3 ф  ',1),(51,'КУЛПу 1,4 НФ/175/1,4/50/ ГОСТ 530-2007 желтый тип 3 ф',175,'Желтый',3,'Лицевой','Полуторный','Фаска Полосы ','КУЛПу 1,4 НФ/175/1,4/50/ ГОСТ 530-2007 желтый тип 3 фп  ',1),(52,'КУЛПу 1,4 НФ/175/1,4/50/ ГОСТ 530-2007 желтый тип 3 ф',175,'Желтый',3,'Лицевой','Полуторный','Фаска Полосы ','КУЛПу 1,4 НФ/175/1,4/50/ ГОСТ 530-2007 желтый тип 3 ффп     ',1),(53,'КУЛПу 1,4 НФ/250/1,4/50/ ГОСТ 530-2007 желтый тип 3 ф',250,'Желтый',3,'Лицевой','Полуторный','Фаска  ','КУЛПу 1,4 НФ/250/1,4/50/ ГОСТ 530-2007 желтый тип 3 ф  ',1),(54,'КУЛПу 1,4 НФ/250/1,4/50/ ГОСТ 530-2007 желтый тип 3 ф',250,'Желтый',3,'Лицевой','Полуторный','Фаска Полосы ','КУЛПу 1,4 НФ/250/1,4/50/ ГОСТ 530-2007 желтый тип 3 фп  ',1),(55,'КУРПу 1,4 НФ/125/1,4/50/ ГОСТ 530-2007 желтый ф',125,'Желтый',0,'Строительный','Полуторный','Фаска  ','КУРПу 1,4 НФ/125/1,4/50/ ГОСТ 530-2007 желтый ф  ',1),(56,'КУРПу 1,4 НФ/150/1,4/50/ ГОСТ 530-2007 желтый ф',150,'Желтый',0,'Строительный','Полуторный','Фаска  ','КУРПу 1,4 НФ/150/1,4/50/ ГОСТ 530-2007 желтый ф  ',1),(57,'КУРПу 1,4 НФ/175/1,4/50/ ГОСТ 530-2007 желтый ф',175,'Желтый',0,'Строительный','Полуторный','Фаска  ','КУРПу 1,4 НФ/175/1,4/50/ ГОСТ 530-2007 желтый ф  ',1),(58,'КУРПу 1,4 НФ/200/1,4/50/ ГОСТ 530-2007 желтый ф',200,'Желтый',0,'Строительный','Полуторный','Фаска  ','КУРПу 1,4 НФ/200/1,4/50/ ГОСТ 530-2007 желтый ф  ',1),(59,'КУРПу 1,4 НФ/250/1,4/50/ ГОСТ 530-2007 желтый ф',250,'Желтый',0,'Строительный','Полуторный','Фаска  ','КУРПу 1,4 НФ/250/1,4/50/ ГОСТ 530-2007 желтый ф  ',1),(60,'КУРПу 1,4 НФ/175/1,4/50/ ГОСТ 530-2007 желтый -20 % ф',175,'Желтый',0,'Строительный','Полуторный','Фаска  Меньше 20%','КУРПу 1,4 НФ/175/1,4/50/ ГОСТ 530-2007 желтый -20 % ф  ',1),(61,'КУРПу 1,4 НФ/150/1,4/ ГОСТ 530-2007 белый ф',150,'Белый  ',0,'Строительный','Полуторный','Фаска  ','КУРПу 1,4 НФ/150/1,4/ ГОСТ 530-2007 белый ф ',3),(62,'КУРПу 1,4 НФ/175/1,4/ ГОСТ 530-2007 белый ф',175,'Белый  ',0,'Строительный','Полуторный','Фаска  ','КУРПу 1,4 НФ/175/1,4/ ГОСТ 530-2007 белый ф ',3),(63,'КУРПу 1,4 НФ/200/1,4/ ГОСТ 530-2007 белый ф',200,'Белый  ',0,'Строительный','Полуторный','Фаска  ','КУРПу 1,4 НФ/200/1,4/ ГОСТ 530-2007 белый ф ',3),(64,'КУРПу 1,4 НФ/150/1,4/ ГОСТ 530-2007 светлый ф',150,'Светлый',0,'Строительный','Полуторный','Фаска  ','КУРПу 1,4 НФ/150/1,4/ ГОСТ 530-2007 светлый ф ',4),(65,'КУЛПу 1,4 НФ/150/1,4/ ГОСТ 530-2007 светлый ф',150,'Светлый',0,'Лицевой','Полуторный','Фаска  ','КУЛПу 1,4 НФ/150/1,4/ ГОСТ 530-2007 светлый ф ',4),(66,'КУЛПу 1,4 НФ/150/1,4/ ГОСТ 530-2007 светлый ф',150,'Светлый',0,'Лицевой','Полуторный','Фаска Полосы ','КУЛПу 1,4 НФ/150/1,4/ ГОСТ 530-2007 светлый фп ',4),(67,'КУЛПу 1,4 НФ/175/1,4/ ГОСТ 530-2007 светлый тип 1 ф',175,'Светлый',1,'Лицевой','Полуторный','Фаска  ','КУЛПу 1,4 НФ/175/1,4/ ГОСТ 530-2007 светлый тип 1 ф ',4),(68,'КУЛПу 1,4 НФ/250/1,4/ ГОСТ 530-2007 светлый тип 1 ф',250,'Светлый',1,'Лицевой','Полуторный','Фаска  ','КУЛПу 1,4 НФ/250/1,4/ ГОСТ 530-2007 светлый тип 1 ф  ',4),(69,'КУЛПу 1,4 НФ/200/1,4/ ГОСТ 530-2007 светлый тип 2 ф',200,'Светлый',2,'Лицевой','Полуторный','Фаска Полосы ','КУЛПу 1,4 НФ/200/1,4/ ГОСТ 530-2007 светлый тип 2 фп ',4),(70,'КУЛПу 1,4 НФ/250/1,4/ ГОСТ 530-2007 светлый тип 2 ф',250,'Светлый',2,'Лицевой','Полуторный','Фаска Полосы ','КУЛПу 1,4 НФ/250/1,4/ ГОСТ 530-2007 светлый тип 2 фп  ',4),(71,'КУЛПу 1,4 НФ/250/1,4/ ГОСТ 530-2007 светлый тип 2 ф',250,'Светлый',2,'Лицевой','Полуторный','Фаска  ','КУЛПу 1,4 НФ/250/1,4/ ГОСТ 530-2007 светлый тип 2 ф  ',4),(72,'КУЛПу 1,4 НФ/175/1,4/ ГОСТ 530-2007 светлый тип 3 ф',175,'Светлый',3,'Лицевой','Полуторный','Фаска  ','КУЛПу 1,4 НФ/175/1,4/ ГОСТ 530-2007 светлый тип 3 ф ',4),(73,'КУЛПу 1,4 НФ/200/1,4/ ГОСТ 530-2007 светлый тип 3 ф',200,'Светлый',3,'Лицевой','Полуторный','Фаска Полосы ','КУЛПу 1,4 НФ/200/1,4/ ГОСТ 530-2007 светлый тип 3 фп ',4),(74,'КУРПу 1,4 НФ/250/1,4/ ГОСТ 530-2007 светлый тип 3 ф',250,'Светлый',3,'Строительный','Полуторный','Фаска Полосы ','КУРПу 1,4 НФ/250/1,4/ ГОСТ 530-2007 светлый тип 3 фп ',4),(75,'КУРПу 1,4 НФ/175/1,4/ ГОСТ 530-2007 светлый ф',175,'Светлый',0,'Строительный','Полуторный','Фаска  ','КУРПу 1,4 НФ/175/1,4/ ГОСТ 530-2007 светлый ф ',4),(76,'КУРПу 1,4 НФ/200/1,4/ ГОСТ 530-2007 светлый тип 2ф',200,'Светлый',2,'Строительный','Полуторный',' Меньше 20%','КУРПу 1,4 НФ/200/1,4/ ГОСТ 530-2007 светлый тип 2ф -20 % ',4),(77,'КУРПу 1,4 НФ/200/1,4/ ГОСТ 530-2007 светлый ф',200,'Светлый',0,'Строительный','Полуторный','Фаска  ','КУРПу 1,4 НФ/200/1,4/ ГОСТ 530-2007 светлый ф ',4),(78,'КУРПу 1,4 НФ/250/1,4/ ГОСТ 530-2007 светлый ф',250,'Светлый',0,'Строительный','Полуторный','Фаска  ','КУРПу 1,4 НФ/250/1,4/ ГОСТ 530-2007 светлый ф ',4),(79,'КОРПу 1 НФ/100/1,4/50/ ГОСТ 530-2007 ф',100,'Красный',0,'Строительный','Одинарный','Фаска  ','КОРПу 1 НФ/100/1,4/50/ ГОСТ 530-2007 ф ',0),(80,'КОРПу 1 НФ/125/1,4/50/ ГОСТ 530-2007 ф',125,'Красный',0,'Строительный','Одинарный','Фаска  ','КОРПу 1 НФ/125/1,4/50/ ГОСТ 530-2007 ф ',0),(81,'КОРПу 1 НФ/175/1,4/50/ ГОСТ 530-2007 ф',175,'Красный',0,'Строительный','Одинарный','Фаска  ','КОРПу 1 НФ/175/1,4/50/ ГОСТ 530-2007 ф ',0),(82,'КОРПу 1 НФ/150/1,4/50/ ГОСТ 530-2007 ф',150,'Красный',0,'Строительный','Одинарный','Фаска  ','КОРПу 1 НФ/150/1,4/50/ ГОСТ 530-2007 ф ',0),(83,'КОРПу 1 НФ/200/1,4/50/ ГОСТ 530-2007 ф',200,'Красный',0,'Строительный','Одинарный','Фаска  ','КОРПу 1 НФ/200/1,4/50/ ГОСТ 530-2007 ф ',0),(84,'КОРПу 1 НФ/250/1/50 ГОСТ 530-2007 светлый ф',250,'Светлый',0,'Строительный','Одинарный','Фаска  ','КОРПу 1 НФ/250/1/50 ГОСТ 530-2007 светлый ф ',4),(85,'КОЛПу 1 НФ/100/1,4/50/ ГОСТ 530-2007 ',100,'Красный',0,'Лицевой','Одинарный',' ','КОЛПу 1 НФ/100/1,4/50/ ГОСТ 530-2007 ',0),(86,'КОЛПу 1 НФ/125/1,4/50/ ГОСТ 530-2007 ф',125,'Красный',0,'Лицевой','Одинарный','Фаска  ','КОЛПу 1 НФ/125/1,4/50/ ГОСТ 530-2007 ф ',0),(87,'КОЛПу 1 НФ/150/1,4/50/ ГОСТ 530-2007 ф',150,'Красный',0,'Лицевой','Одинарный','Фаска  ','КОЛПу 1 НФ/150/1,4/50/ ГОСТ 530-2007 ф ',0),(88,'КОЛПу 1 НФ/175/1,4/50/ ГОСТ 530-2007 ф',175,'Красный',0,'Лицевой','Одинарный','Фаска  ','КОЛПу 1 НФ/175/1,4/50/ ГОСТ 530-2007 ф ',0),(89,'КОРПу 1 НФ/100/1,4/50/ ГОСТ 530-2007 корич -20 % ',100,'Коричневый',0,'Строительный','Одинарный',' Меньше 20%','КОРПу 1 НФ/100/1,4/50/ ГОСТ 530-2007 корич -20 % ',2),(90,'КОРПу 1 НФ/100/1,4/50/ ГОСТ 530-2007 темн/корич -20 % ',100,'Коричневый',0,'Строительный','Одинарный',' Меньше 20%','КОРПу 1 НФ/100/1,4/50/ ГОСТ 530-2007 темн/корич -20 % ',2),(91,'КОРПу 1 НФ/150/1,4/50/ ГОСТ 530-2007 светлыйкорич -20 % ',150,'Коричневый',0,'Строительный','Одинарный',' Меньше 20%','КОРПу 1 НФ/150/1,4/50/ ГОСТ 530-2007 светлыйкорич -20 % ',2),(92,'КОЛПу 1 НФ/125/1,4/50/ ГОСТ 530-2007 светлыйкорич пол ф',125,'Коричневый',0,'Лицевой','Одинарный','Фаска  ','КОЛПу 1 НФ/125/1,4/50/ ГОСТ 530-2007 светлыйкорич пол ф ',2),(93,'КОЛПу 1 НФ/150/1,4/50/ ГОСТ 530-2007 светлыйкор ф',150,'Коричневый',0,'Лицевой','Одинарный','Фаска Полосы ','КОЛПу 1 НФ/150/1,4/50/ ГОСТ 530-2007 светлыйкор фп ',2),(94,'КОЛПу 1 НФ/125/1,4/50/ ГОСТ 530-2007 корич тип 1ф',125,'Коричневый',1,'Лицевой','Одинарный',' ','КОЛПу 1 НФ/125/1,4/50/ ГОСТ 530-2007 корич тип 1ф ',2),(95,'КОЛПу 1 НФ/125/1,4/50/ ГОСТ 530-2007 корич тип 1 ф',125,'Коричневый',1,'Лицевой','Одинарный','Фаска Полосы ','КОЛПу 1 НФ/125/1,4/50/ ГОСТ 530-2007 корич тип 1 фп ',2),(96,'КОРПу 1 НФ/125/1,4/50/ ГОСТ 530-2007 корич тип 1 ф',125,'Коричневый',1,'Строительный','Одинарный','Фаска  ','КОРПу 1 НФ/125/1,4/50/ ГОСТ 530-2007 корич тип 1 ф ',2),(97,'КОРПу 1 НФ/125/1,4/50/ ГОСТ 530-2007 корич ф',125,'Коричневый',0,'Строительный','Одинарный','Фаска  ','КОРПу 1 НФ/125/1,4/50/ ГОСТ 530-2007 корич ф ',2),(98,'КОЛПу 1 НФ/150/1,4/50/ ГОСТ 530-2007 корич тип 1 ф',150,'Коричневый',1,'Лицевой','Одинарный','Фаска  ','КОЛПу 1 НФ/150/1,4/50/ ГОСТ 530-2007 корич тип 1 ф ',2),(99,'КОЛПу 1 НФ/150/1,4/50/ ГОСТ 530-2007 корич тип 1 ф',150,'Коричневый',1,'Лицевой','Одинарный','Фаска Полосы ','КОЛПу 1 НФ/150/1,4/50/ ГОСТ 530-2007 корич тип 1 фп ',2),(100,'КОРПу 1 НФ/150/1,4/50/ ГОСТ 530-2007 корич тип 1 ф',150,'Коричневый',1,'Строительный','Одинарный','Фаска Полосы ','КОРПу 1 НФ/150/1,4/50/ ГОСТ 530-2007 корич тип 1 ффп ',2),(101,'КОРПу 1 НФ/150/1,4/50/ ГОСТ 530-2007 корич -20 % тип 1 ф',150,'Коричневый',1,'Строительный','Одинарный','Фаска  Меньше 20%','КОРПу 1 НФ/150/1,4/50/ ГОСТ 530-2007 корич -20 % тип 1 ф ',2),(102,'КОЛПу 1 НФ/125/1,4/50/ ГОСТ 530-2007 корич тип 2 ф',125,'Коричневый',2,'Лицевой','Одинарный','Фаска  ','КОЛПу 1 НФ/125/1,4/50/ ГОСТ 530-2007 корич тип 2 ф ',2),(103,'КОЛПу 1 НФ/150/1,4/50/ ГОСТ 530-2007 корич тип 2 ф',150,'Коричневый',2,'Лицевой','Одинарный','Фаска  ','КОЛПу 1 НФ/150/1,4/50/ ГОСТ 530-2007 корич тип 2 ф ',2),(104,'КОРПу 1 НФ/150/1,4/50/ ГОСТ 530-2007 корич -20 % тип 2 ф',150,'Коричневый',2,'Строительный','Одинарный','Фаска  Меньше 20%','КОРПу 1 НФ/150/1,4/50/ ГОСТ 530-2007 корич -20 % тип 2 ф ',2),(105,'КОРПу 1 НФ/150/1,4/50/ ГОСТ 530-2007 корич ф',150,'Коричневый',0,'Строительный','Одинарный','Фаска  ','КОРПу 1 НФ/150/1,4/50/ ГОСТ 530-2007 корич ф ',2),(106,'КОРПу 1 НФ/150/1,4/50/ ГОСТ 530-2007 корич -20 % ',150,'Коричневый',0,'Строительный','Одинарный',' Меньше 20%','КОРПу 1 НФ/150/1,4/50/ ГОСТ 530-2007 корич -20 % ',2),(107,'КОЛПу 1 НФ/125/1,4/50/ ГОСТ 530-2007 желтый тип 3 ф',125,'Желтый',3,'Лицевой','Одинарный','Фаска Полосы ','КОЛПу 1 НФ/125/1,4/50/ ГОСТ 530-2007 желтый тип 3 фп ',1),(108,'КОРПу 1 НФ/125/1,4/50/ ГОСТ 530-2007 желтый ф',125,'Желтый',0,'Строительный','Одинарный','Фаска  Меньше 20%','КОРПу 1 НФ/125/1,4/50/ ГОСТ 530-2007 желтый ф -20 % ',1),(109,'КОРПу 1 НФ/125/1,4/50/ ГОСТ 530-2007 желтый тип 3 ф',125,'Желтый',3,'Строительный','Одинарный','Фаска  Меньше 20%','КОРПу 1 НФ/125/1,4/50/ ГОСТ 530-2007 желтый тип 3 ф -20 % ',1),(110,'КОЛПу 1 НФ/125/1,4/50/ ГОСТ 530-2007 желтый тип 1 ф',125,'Желтый',1,'Лицевой','Одинарный','Фаска  ','КОЛПу 1 НФ/125/1,4/50/ ГОСТ 530-2007 желтый тип 1 ф  ',1),(111,'КОЛПу 1 НФ/125/1,4/50/ ГОСТ 530-2007 желтый тип 1 ф',125,'Желтый',1,'Лицевой','Одинарный','Фаска Полосы ','КОЛПу 1 НФ/125/1,4/50/ ГОСТ 530-2007 желтый тип 1 фп  ',1),(112,'КОЛПу 1 НФ/150/1,4/50/ ГОСТ 530-2007 желтый тип 1 ф',150,'Желтый',1,'Лицевой','Одинарный','Фаска  ','КОЛПу 1 НФ/150/1,4/50/ ГОСТ 530-2007 желтый тип 1 ф ',1),(113,'КОЛПу 1 НФ/150/1,4/50/ ГОСТ 530-2007 желтый тип 1 ф',150,'Желтый',1,'Лицевой','Одинарный','Фаска Полосы ','КОЛПу 1 НФ/150/1,4/50/ ГОСТ 530-2007 желтый тип 1 фп ',1),(114,'КОЛПу 1 НФ/150/1,4/50/ ГОСТ 530-2007 желтый тип 1 ф',150,'Желтый',1,'Лицевой','Одинарный','Фаска Полосы ','КОЛПу 1 НФ/150/1,4/50/ ГОСТ 530-2007 желтый тип 1 ффп ',1),(115,'КОЛПу 1 НФ/175/1,4/50/ ГОСТ 530-2007 желтый тип 1 ф',175,'Желтый',1,'Лицевой','Одинарный','Фаска  ','КОЛПу 1 НФ/175/1,4/50/ ГОСТ 530-2007 желтый тип 1 ф ',1),(116,'КОЛПу 1 НФ/175/1,4/50/ ГОСТ 530-2007 желтый тип 1 ф',175,'Желтый',1,'Лицевой','Одинарный','Фаска Полосы ','КОЛПу 1 НФ/175/1,4/50/ ГОСТ 530-2007 желтый тип 1 ффп ',1),(117,'КОЛПу 1 НФ/200/1,4/50/ГОСТ 530-2007 желтый',200,'Желтый',1,'Лицевой','Одинарный','Фаска  ','КОЛПу 1 НФ/200/1,4/50/ГОСТ 530-2007 желт.тип 1пфф',1),(118,'КОЛПу 1 НФ/250/1,4/50/ ГОСТ 530-2007 желтый тип 1 ф',250,'Желтый',1,'Лицевой','Одинарный','Фаска  ','КОЛПу 1 НФ/250/1,4/50/ ГОСТ 530-2007 желтый тип 1 ф  ',1),(119,'КОРПу 1 НФ/125/1,4/50/ ГОСТ 530-2007 желтый тип 1 ф',125,'Желтый',1,'Строительный','Одинарный','Фаска  ','КОРПу 1 НФ/125/1,4/50/ ГОСТ 530-2007 желтый тип 1 ф ',1),(120,'КОРПу 1 НФ/150/1,4/50/ ГОСТ 530-2007 желтый тип 1 ф',150,'Желтый',1,'Строительный','Одинарный','Фаска  ','КОРПу 1 НФ/150/1,4/50/ ГОСТ 530-2007 желтый тип 1 ф ',1),(121,'КОРПу 1 НФ/150/1,4/50/ ГОСТ 530-2007 желтый тип 1 ф',150,'Желтый',1,'Строительный','Одинарный','Фаска Полосы ','КОРПу 1 НФ/150/1,4/50/ ГОСТ 530-2007 желтый тип 1 ффп ',1),(122,'КОЛПу 1 НФ/125/1,4/50/ ГОСТ 530-2007 желтый тип 2 ф',125,'Желтый',2,'Лицевой','Одинарный','Фаска  ','КОЛПу 1 НФ/125/1,4/50/ ГОСТ 530-2007 желтый тип 2 ф  ',1),(123,'КОЛПу 1 НФ/125/1,4/50/ ГОСТ 530-2007 желтый тип 2 ф',125,'Желтый',2,'Лицевой','Одинарный','Фаска Полосы ','КОЛПу 1 НФ/125/1,4/50/ ГОСТ 530-2007 желтый тип 2 фп  ',1),(124,'КОЛПу 1 НФ/150/1,4/50/ ГОСТ 530-2007 желтый тип 2 ф',150,'Желтый',2,'Лицевой','Одинарный','Фаска  ','КОЛПу 1 НФ/150/1,4/50/ ГОСТ 530-2007 желтый тип 2 ф  ',1),(125,'КОЛПу 1 НФ/150/1,4/50/ ГОСТ 530-2007 желтый тип 2 ф',150,'Желтый',2,'Лицевой','Одинарный','Фаска Полосы ','КОЛПу 1 НФ/150/1,4/50/ ГОСТ 530-2007 желтый тип 2 фп  ',1),(126,'КОЛПу 1 НФ/200/1,4/50/ ГОСТ 530-2007 желтый тип 2 ф',200,'Желтый',2,'Лицевой','Одинарный','Фаска  ','КОЛПу 1 НФ/200/1,4/50/ ГОСТ 530-2007 желтый тип 2 ф  ',1),(127,'КОРПу 1 НФ/125/1,4/50/ ГОСТ 530-2007 желтый тип 2 ф',125,'Желтый',2,'Строительный','Одинарный','Фаска  ','КОРПу 1 НФ/125/1,4/50/ ГОСТ 530-2007 желтый тип 2 ф ',1),(128,'КОРПу 1 НФ/150/1,4/50/ ГОСТ 530-2007 желтый тип 2 ф',150,'Желтый',2,'Строительный','Одинарный','Фаска  ','КОРПу 1 НФ/150/1,4/50/ ГОСТ 530-2007 желтый тип 2 ф ',1),(129,'КОРПу 1 НФ/150/1,4/50/ ГОСТ 530-2007 желтый тип 2 ф',150,'Желтый',2,'Строительный','Одинарный','Фаска Полосы ','КОРПу 1 НФ/150/1,4/50/ ГОСТ 530-2007 желтый тип 2 ффп ',1),(130,'КОЛПу 1 НФ/125/1,4/50/ ГОСТ 530-2007 желтый тип 3 ф',125,'Желтый',3,'Лицевой','Одинарный','Фаска  ','КОЛПу 1 НФ/125/1,4/50/ ГОСТ 530-2007 желтый тип 3 ф ',1),(131,'КОЛПу 1 НФ/150/1,4/50/ ГОСТ 530-2007 желтый тип 3 ф',150,'Желтый',3,'Лицевой','Одинарный','Фаска Полосы ','КОЛПу 1 НФ/150/1,4/50/ ГОСТ 530-2007 желтый тип 3 фп ',1),(132,'КОЛПу 1 НФ/175/1,4/50/ ГОСТ 530-2007 желтый тип 3 ф',175,'Желтый',3,'Лицевой','Одинарный','Фаска  ','КОЛПу 1 НФ/175/1,4/50/ ГОСТ 530-2007 желтый тип 3 ф ',1),(133,'КОЛПу 1 НФ/175/1,4/50/ ГОСТ 530-2007 желтый тип 3 ф',175,'Желтый',3,'Лицевой','Одинарный','Фаска Полосы ','КОЛПу 1 НФ/175/1,4/50/ ГОСТ 530-2007 желтый тип 3 фп ',1),(134,'КОЛПу 1 НФ/200/1,4/50/ ГОСТ 530-2007 желтый тип 3 ф',200,'Желтый',3,'Лицевой','Одинарный','Фаска  ','КОЛПу 1 НФ/200/1,4/50/ ГОСТ 530-2007 желтый тип 3 ф ',1),(135,'КОЛПу 1 НФ/200/1,4/50/ ГОСТ 530-2007 желтый тип 3 ф',200,'Желтый',3,'Лицевой','Одинарный','Фаска Полосы ','КОЛПу 1 НФ/200/1,4/50/ ГОСТ 530-2007 желтый тип 3 фп ',1),(136,'КОЛПу 1 НФ/250/1,4/50/ ГОСТ 530-2007 желтый тип 3 ф',250,'Желтый',3,'Лицевой','Одинарный','Фаска  ','КОЛПу 1 НФ/250/1,4/50/ ГОСТ 530-2007 желтый тип 3 ф  ',1),(137,'КОЛПу 1 НФ/250/1,4/50/ ГОСТ 530-2007 желтый тип 3 ф',250,'Желтый',3,'Лицевой','Одинарный','Фаска Полосы ','КОЛПу 1 НФ/250/1,4/50/ ГОСТ 530-2007 желтый тип 3 фп  ',1),(138,'КОЛПу 1 НФ/150/1,4/50/ ГОСТ 530-2007 светло/желтый ф',150,'Желтый',0,'Лицевой','Одинарный','Фаска Полосы ','КОЛПу 1 НФ/150/1,4/50/ ГОСТ 530-2007 светло/желтый фп ',1),(139,'КОРПу 1 НФ/125/1,4/50/ ГОСТ 530-2007 желтый   ',125,'Желтый',0,'Строительный','Одинарный',' ','КОРПу 1 НФ/125/1,4/50/ ГОСТ 530-2007 желтый   ',1),(140,'КОРПу 1 НФ/150/1,4/50/ ГОСТ 530-2007 желтый   ',150,'Желтый',0,'Строительный','Одинарный',' ','КОРПу 1 НФ/150/1,4/50/ ГОСТ 530-2007 желтый   ',1),(141,'КОРПу 1 НФ/175/1,4/50/ ГОСТ 530-2007 желтый   ',175,'Желтый',0,'Строительный','Одинарный',' ','КОРПу 1 НФ/175/1,4/50/ ГОСТ 530-2007 желтый   ',1),(142,'КОРПу 1 НФ/150/1,4/ ГОСТ 530-2007 белый ф',150,'Белый  ',0,'Строительный','Одинарный','Фаска  ','КОРПу 1 НФ/150/1,4/ ГОСТ 530-2007 белый ф ',3),(143,'КОРПу 1 НФ/200/1,4/ ГОСТ 530-2007 белый ф',200,'Белый  ',0,'Строительный','Одинарный','Фаска Полосы ','КОРПу 1 НФ/200/1,4/ ГОСТ 530-2007 белый фп ',3),(144,'КОРПу 1 НФ/200/1,4/ ГОСТ 530-2007 белый ф',200,'Белый  ',0,'Строительный','Одинарный','Фаска  ','КОРПу 1 НФ/200/1,4/ ГОСТ 530-2007 белый ф ',3),(145,'КОРПу 1 НФ/150/1,4/ ГОСТ 530-2007 белый ф',150,'Белый  ',0,'Строительный','Одинарный','Фаска  Меньше 20%','КОРПу 1 НФ/150/1,4/ ГОСТ 530-2007 белый ф -20 % ',3),(146,'КОЛПу 1 НФ/175/1,4/ ГОСТ 530-2007 светлый ф',175,'Светлый',0,'Лицевой','Одинарный','Фаска Полосы ','КОЛПу 1 НФ/175/1,4/ ГОСТ 530-2007 светлый фп ',4),(147,'КОЛПу 1 НФ/200/1,4/ ГОСТ 530-2007 светлый ф',200,'Светлый',0,'Лицевой','Одинарный','Фаска  ','КОЛПу 1 НФ/200/1,4/ ГОСТ 530-2007 светлый ф ',4),(148,'КОЛПу 1 НФ/200/1,4/ ГОСТ 530-2007 светлый ф',200,'Светлый',0,'Лицевой','Одинарный','Фаска Полосы ','КОЛПу 1 НФ/200/1,4/ ГОСТ 530-2007 светлый фп ',4),(149,'КОЛПу 1 НФ/150/1,4/ ГОСТ 530-2007 светлый тип 1 ф',150,'Светлый',1,'Лицевой','Одинарный','Фаска  ','КОЛПу 1 НФ/150/1,4/ ГОСТ 530-2007 светлый тип 1 ф ',4),(150,'КОЛПу 1 НФ/150/1,4/ ГОСТ 530-2007 светлый тип 1 ф',150,'Светлый',1,'Лицевой','Одинарный','Фаска Полосы ','КОЛПу 1 НФ/150/1,4/ ГОСТ 530-2007 светлый тип 1 фп ',4),(151,'КОЛПу 1 НФ/250/1,4/ ГОСТ 530-2007 светлый тип 1 ф',250,'Светлый',1,'Лицевой','Одинарный','Фаска  ','КОЛПу 1 НФ/250/1,4/ ГОСТ 530-2007 светлый тип 1 ф ',4),(152,'КОЛПу 1 НФ/250/1,4/ ГОСТ 530-2007 светлый тип 1 ф',250,'Светлый',1,'Лицевой','Одинарный','Фаска Полосы ','КОЛПу 1 НФ/250/1,4/ ГОСТ 530-2007 светлый тип 1 фп ',4),(153,'КОРПу 1 НФ/150/1,4/ ГОСТ 530-2007 светлый тип 1 ф',150,'Светлый',1,'Строительный','Одинарный','Фаска  ','КОРПу 1 НФ/150/1,4/ ГОСТ 530-2007 светлый тип 1 ф ',4),(154,'КОРПу 1 НФ/150/1,4/ ГОСТ 530-2007 светлый тип 1 ф',150,'Светлый',1,'Строительный','Одинарный','Фаска  Меньше 20%','КОРПу 1 НФ/150/1,4/ ГОСТ 530-2007 светлый тип 1 ф -20 % ',4),(155,'КОРПу 1 НФ/150/1,4/ ГОСТ 530-2007 светлый тип 1 ф',150,'Светлый',1,'Строительный','Одинарный','Фаска Полосы Меньше 20%','КОРПу 1 НФ/150/1,4/ ГОСТ 530-2007 светлый тип 1 фп -20 % ',4),(156,'КОЛПу 1 НФ/150/1,4/ ГОСТ 530-2007 светлый тип 2 ф',150,'Светлый',2,'Лицевой','Одинарный','Фаска Полосы ','КОЛПу 1 НФ/150/1,4/ ГОСТ 530-2007 светлый тип 2 фп ',4),(157,'КОЛПу 1 НФ/250/1,4/ ГОСТ 530-2007 светлый тип 2 ф',250,'Светлый',2,'Лицевой','Одинарный','Фаска  ','КОЛПу 1 НФ/250/1,4/ ГОСТ 530-2007 светлый тип 2 ф ',4),(158,'КОРПу 1 НФ/150/1,4/ ГОСТ 530-2007 светлый тип 2 ф',150,'Светлый',2,'Строительный','Одинарный','Фаска  Меньше 20%','КОРПу 1 НФ/150/1,4/ ГОСТ 530-2007 светлый тип 2 ф -20 % ',4),(159,'КОРПу 1 НФ/150/1,4/ ГОСТ 530-2007 светлый тип 2 ф',150,'Светлый',2,'Строительный','Одинарный','Фаска Полосы Меньше 20%','КОРПу 1 НФ/150/1,4/ ГОСТ 530-2007 светлый тип 2 фп -20 % ',4),(160,'КОЛПу 1 НФ/200/1,4/ ГОСТ 530-2007 светлый тип 3 ф',200,'Светлый',3,'Лицевой','Одинарный','Фаска  ','КОЛПу 1 НФ/200/1,4/ ГОСТ 530-2007 светлый тип 3 ф ',4),(161,'КОЛПу 1 НФ/250/1,4/ ГОСТ 530-2007 светлый тип 3 ф',250,'Светлый',3,'Лицевой','Одинарный','Фаска Полосы ','КОЛПу 1 НФ/250/1,4/ ГОСТ 530-2007 светлый тип 3 фп ',4),(162,'КОРПу 1 НФ/150/1,4/ ГОСТ 530-2007 светлый тип 3 ф',150,'Светлый',3,'Строительный','Одинарный','Фаска  ','КОРПу 1 НФ/150/1,4/ ГОСТ 530-2007 светлый тип 3 ф ',4),(163,'КОРПу 1 НФ/150/1,4/ ГОСТ 530-2007 светлый тип 3 ф',150,'Светлый',3,'Строительный','Одинарный','Фаска Полосы ','КОРПу 1 НФ/150/1,4/ ГОСТ 530-2007 светлый тип 3 фп ',4),(164,'КОРПу 1 НФ/150/1,4/ ГОСТ 530-2007 светлый ф',150,'Светлый',0,'Строительный','Одинарный','Фаска  ','КОРПу 1 НФ/150/1,4/ ГОСТ 530-2007 светлый ф ',4),(165,'КОРПу 1 НФ/175/1,4/ ГОСТ 530-2007 светлый ф',175,'Светлый',0,'Строительный','Одинарный','Фаска  ','КОРПу 1 НФ/175/1,4/ ГОСТ 530-2007 светлый ф ',4),(166,'КОРПу 1 НФ/200/1,4/ ГОСТ 530-2007 светлый ф',200,'Светлый',0,'Строительный','Одинарный','Фаска  ','КОРПу 1 НФ/200/1,4/ ГОСТ 530-2007 светлый ф ',4),(167,'КОРПу 1 НФ/200/1,4/ ГОСТ 530-2007 светлый ф',200,'Светлый',0,'Строительный','Одинарный','Фаска  Меньше 20%','КОРПу 1 НФ/200/1,4/ ГОСТ 530-2007 светлый ф -20 % ',4),(168,'КОРПу 1 НФ/250/1,4/ ГОСТ 530-2007 светлый ф',250,'Светлый',0,'Строительный','Одинарный','Фаска  ','КОРПу 1 НФ/250/1,4/ ГОСТ 530-2007 светлый ф ',4),(169,'КОРПу 1 НФ/100/1,4/50/ ГОСТ 530-2007 ф',100,'Красный',0,'Строительный','Одинарный','Фаска  Меньше 20%','КОРПу 1 НФ/100/1,4/50/ ГОСТ 530-2007 ф -20 % ',0),(170,'КОРПу 1 НФ/125/1,4/50/ ГОСТ 530-2007 ф',125,'Красный',0,'Строительный','Одинарный','Фаска  Меньше 20%','КОРПу 1 НФ/125/1,4/50/ ГОСТ 530-2007 ф -20 % ',0),(171,'КОРПу 1 НФ/150/1,4/50/ ГОСТ 530-2007 ф',150,'Красный',0,'Строительный','Одинарный','Фаска  Меньше 20%','КОРПу 1 НФ/150/1,4/50/ ГОСТ 530-2007 ф -20 % ',0),(172,'КОРПу 1 НФ/175/1,4/50/ ГОСТ 530-2007 ф',175,'Красный',0,'Строительный','Одинарный','Фаска  Меньше 20%','КОРПу 1 НФ/175/1,4/50/ ГОСТ 530-2007 ф -20 % ',0),(173,'КОРПу 1 НФ ГОСТ 530-2007 ф',0,'Красный',0,'Строительный','Одинарный','Фаска  Больше 20%','КОРПу 1 НФ ГОСТ 530-2007 ф +20 % ',0),(174,'КОЛПу 1 НФ/100/1,4/50/ГОСТ 530-2007 вид \"С\"',100,'КЕ',0,'Лицевой','Одинарный','','КОЛПу 1 НФ/100/1,4/50/ГОСТ 530-2007 вид \"С\"',5),(175,'КЕ 1 НФ/150/2,0/35/ ГОСТ 530-2007 желтый',150,'КЕ',0,'Лицевой','Одинарный','','КЕ 1 НФ/150/2,0/35/ ГОСТ 530-2007 желтый',5),(177,'КР 2 НФ/250/1.4/ опытно-промышленная партия',250,'КЕ',0,'Строительный','Полуторный','','КР 2 НФ/250/1.4/ опытно-промышленная партия',5),(176,'КЕ 1 НФ/150/2,0/50 опытно-промышленная партия',150,'КЕ',0,'Лицевой','Одинарный','','КЕ 1 НФ/150/2,0/50 опытно-промышленная партия',5),(181,'КУРПу 1,4 НФ/250/1,4/50/ ГОСТ 530-2007 ф',250,'Красный',0,'Строительный','Полуторный','Фаска','КУРПу 1,4 НФ/250/1,4/50/ ГОСТ 530-2007 ф',0),(186,'КЕ 1 УЛ НФ/150/1,4/35 ГОСТ 530-2007 желтый тип1',150,'КЕ',1,'Лицевой','Одинарный','','КЕ 1 УЛ НФ/150/1,4/35 ГОСТ 530-2007 желтый тип1',5),(187,'КЕ 1 УЛ НФ/150/1,4/35 ГОСТ 530-2007 желтый тип 2',150,'КЕ',2,'Лицевой','Одинарный','Фаска Полосы','КЕ 1 УЛ НФ/150/1,4/35 ГОСТ 530-2007 желтый тип 2',5),(188,'КЕ 1 НФ НФ/150/1,4/35 ГОСТ 530-2007 желтый тип 2',150,'КЕ',2,'Лицевой','Одинарный','','КЕ 1 НФ НФ/150/1,4/35 ГОСТ 530-2007 желтый тип2',5),(189,'КЕ 1 НФ НФ/150/1,4/35 ГОСТ 530-2007 желтый тип 1',150,'КЕ',1,'Лицевой','Одинарный','','КЕ 1 НФ НФ/150/1,4/35 ГОСТ 530-2007 желтый тип 1',5);
/*!40000 ALTER TABLE `tovar` ENABLE KEYS */;
UNLOCK TABLES;
/*!40103 SET TIME_ZONE=@OLD_TIME_ZONE */;

/*!40101 SET SQL_MODE=@OLD_SQL_MODE */;
/*!40014 SET FOREIGN_KEY_CHECKS=@OLD_FOREIGN_KEY_CHECKS */;
/*!40014 SET UNIQUE_CHECKS=@OLD_UNIQUE_CHECKS */;
/*!40101 SET CHARACTER_SET_CLIENT=@OLD_CHARACTER_SET_CLIENT */;
/*!40101 SET CHARACTER_SET_RESULTS=@OLD_CHARACTER_SET_RESULTS */;
/*!40101 SET COLLATION_CONNECTION=@OLD_COLLATION_CONNECTION */;
/*!40111 SET SQL_NOTES=@OLD_SQL_NOTES */;

-- Dump completed on 2010-11-10 16:00:53
